Date,Rank,Name,Symbol,Market Cap,Price
2023/01/01,1,"Bitcoin","BTC","$320,025,834,692.40","$16,625.08"
2023/01/01,2,"Ethereum","ETH","$146,966,709,631.13","$1,200.96"
2023/01/01,3,"Tether","USDT","$66,243,294,943.48","$0.9997"
2023/01/01,4,"USD Coin","USDC","$44,584,840,756.22","$0.9999"
2023/01/01,5,"BNB","BNB","$39,053,263,491.06","$244.14"
2023/01/01,6,"XRP","XRP","$17,054,534,692.06","$0.3388"
2023/01/01,7,"Binance USD","BUSD","$16,566,063,279.88","$1.0003"
2023/01/01,8,"Dogecoin","DOGE","$9,316,760,628.85","$0.07022"
2023/01/01,9,"Cardano","ADA","$8,621,727,158.32","$0.2498"
2023/01/01,10,"Polygon","MATIC","$6,637,843,574.08","$0.76"
2023/01/08,1,"Bitcoin","BTC","$320,025,834,692.40","$16,625.08"
2023/01/08,2,"Ethereum","ETH","$146,966,709,631.13","$1,200.96"
2023/01/08,3,"Tether","USDT","$66,243,294,943.48","$0.9997"
2023/01/08,4,"USD Coin","USDC","$44,584,840,756.22","$0.9999"
2023/01/08,5,"BNB","BNB","$39,053,263,491.06","$244.14"
2023/01/08,6,"XRP","XRP","$17,054,534,692.06","$0.3388"
2023/01/08,7,"Binance USD","BUSD","$16,566,063,279.88","$1.0003"
2023/01/08,8,"Dogecoin","DOGE","$9,316,760,628.85","$0.07022"
2023/01/08,9,"Cardano","ADA","$8,621,727,158.32","$0.2498"
2023/01/08,10,"Polygon","MATIC","$6,637,843,574.08","$0.76"
2023/01/15,1,"Bitcoin","BTC","$402,234,665,331.33","$20,880.80"
2023/01/15,2,"Ethereum","ETH","$189,982,916,189.84","$1,552.48"
2023/01/15,3,"Tether","USDT","$66,380,183,923.94","$1.0004"
2023/01/15,4,"BNB","BNB","$48,319,824,358.93","$302.07"
2023/01/15,5,"USD Coin","USDC","$43,893,297,850.25","$0.9999"
2023/01/15,6,"XRP","XRP","$19,518,617,705.85","$0.3849"
2023/01/15,7,"Binance USD","BUSD","$16,358,943,680.27","$1.0000"
2023/01/15,8,"Cardano","ADA","$12,105,718,917.40","$0.3504"
2023/01/15,9,"Dogecoin","DOGE","$11,427,062,081.16","$0.08613"
2023/01/15,10,"Polygon","MATIC","$8,590,354,227.14","$0.9835"
2023/01/22,1,"Bitcoin","BTC","$437,814,457,018.41","$22,720.42"
2023/01/22,2,"Ethereum","ETH","$199,271,406,209.80","$1,628.38"
2023/01/22,3,"Tether","USDT","$66,713,141,592.85","$1.0002"
2023/01/22,4,"BNB","BNB","$47,852,041,125.81","$303.05"
2023/01/22,5,"USD Coin","USDC","$43,480,831,666.17","$0.9999"
2023/01/22,6,"XRP","XRP","$20,367,877,363.74","$0.401"
2023/01/22,7,"Binance USD","BUSD","$16,161,805,670.36","$1.0006"
2023/01/22,8,"Cardano","ADA","$13,019,719,665.74","$0.3766"
2023/01/22,9,"Dogecoin","DOGE","$11,715,406,937.73","$0.0883"
2023/01/22,10,"Solana","SOL","$8,995,147,219.91","$24.23"
2023/01/29,1,"Bitcoin","BTC","$458,291,157,032.26","$23,774.57"
2023/01/29,2,"Ethereum","ETH","$201,446,423,701.84","$1,646.16"
2023/01/29,3,"Tether","USDT","$67,626,927,729.24","$1.0001"
2023/01/29,4,"BNB","BNB","$50,108,027,166.70","$317.34"
2023/01/29,5,"USD Coin","USDC","$43,086,077,902.98","$1.0000"
2023/01/29,6,"XRP","XRP","$21,020,729,835.62","$0.4138"
2023/01/29,7,"Binance USD","BUSD","$15,706,485,160.35","$1.0001"
2023/01/29,8,"Cardano","ADA","$13,709,953,818.39","$0.3963"
2023/01/29,9,"Dogecoin","DOGE","$11,971,321,806.91","$0.09023"
2023/01/29,10,"Polygon","MATIC","$10,287,973,680.62","$1.1779"
2023/02/05,1,"Bitcoin","BTC","$442,642,331,535.60","$22,955.67"
2023/02/05,2,"Ethereum","ETH","$199,670,814,561.87","$1,631.65"
2023/02/05,3,"Tether","USDT","$68,078,110,242.74","$1.0002"
2023/02/05,4,"BNB","BNB","$51,770,723,358.62","$327.87"
2023/02/05,5,"USD Coin","USDC","$42,031,783,646.39","$0.9999"
2023/02/05,6,"XRP","XRP","$20,265,653,496.69","$0.3989"
2023/02/05,7,"Binance USD","BUSD","$16,256,784,772.34","$0.9999"
2023/02/05,8,"Cardano","ADA","$13,583,144,197.66","$0.3925"
2023/02/05,9,"Dogecoin","DOGE","$12,218,343,437.53","$0.0921"
2023/02/05,10,"Polygon","MATIC","$10,520,492,555.05","$1.2045"
2023/02/12,1,"Bitcoin","BTC","$420,274,300,806.28","$21,788.20"
2023/02/12,2,"Ethereum","ETH","$185,400,529,851.62","$1,515.03"
2023/02/12,3,"Tether","USDT","$68,401,008,692.55","$1.0002"
2023/02/12,4,"BNB","BNB","$49,411,264,709.55","$312.93"
2023/02/12,5,"USD Coin","USDC","$41,222,130,987.91","$1.0001"
2023/02/12,6,"XRP","XRP","$19,064,006,848.43","$0.3753"
2023/02/12,7,"Binance USD","BUSD","$16,151,343,121.50","$1.0002"
2023/02/12,8,"Cardano","ADA","$12,614,472,191.82","$0.3643"
2023/02/12,9,"Dogecoin","DOGE","$10,898,077,867.43","$0.08214"
2023/02/12,10,"Polygon","MATIC","$10,817,588,615.26","$1.2385"
2023/02/19,1,"Bitcoin","BTC","$469,431,477,134.25","$24,327.64"
2023/02/19,2,"Ethereum","ETH","$205,763,839,949.87","$1,681.44"
2023/02/19,3,"Tether","USDT","$70,419,857,844.85","$1.0002"
2023/02/19,4,"BNB","BNB","$49,253,849,848.38","$311.94"
2023/02/19,5,"USD Coin","USDC","$41,861,245,787.11","$0.9999"
2023/02/19,6,"XRP","XRP","$19,624,545,305.66","$0.3863"
2023/02/19,7,"Cardano","ADA","$13,862,380,128.16","$0.4001"
2023/02/19,8,"Binance USD","BUSD","$13,241,158,783.84","$1.0002"
2023/02/19,9,"Polygon","MATIC","$12,914,141,714.13","$1.4786"
2023/02/19,10,"Dogecoin","DOGE","$11,537,848,507.30","$0.08697"
2023/02/26,1,"Bitcoin","BTC","$454,795,165,822.82","$23,561.21"
2023/02/26,2,"Ethereum","ETH","$200,793,139,093.29","$1,640.82"
2023/02/26,3,"Tether","USDT","$70,853,056,161.10","$1.0001"
2023/02/26,4,"BNB","BNB","$48,789,334,458.76","$309.00"
2023/02/26,5,"USD Coin","USDC","$42,627,802,559.27","$1.0001"
2023/02/26,6,"XRP","XRP","$19,261,559,273.94","$0.378"
2023/02/26,7,"Cardano","ADA","$12,788,186,746.65","$0.369"
2023/02/26,8,"Polygon","MATIC","$11,190,260,041.65","$1.2812"
2023/02/26,9,"Binance USD","BUSD","$11,133,434,699.84","$1.0004"
2023/02/26,10,"Dogecoin","DOGE","$10,905,805,148.02","$0.0822"
2023/03/05,1,"Bitcoin","BTC","$433,216,160,786.44","$22,435.51"
2023/03/05,2,"Ethereum","ETH","$191,450,085,930.19","$1,564.47"
2023/03/05,3,"Tether","USDT","$71,450,370,818.94","$1.0001"
2023/03/05,4,"BNB","BNB","$45,583,995,083.98","$288.70"
2023/03/05,5,"USD Coin","USDC","$43,980,818,759.52","$1.0000"
2023/03/05,6,"XRP","XRP","$18,708,866,161.13","$0.3672"
2023/03/05,7,"Cardano","ADA","$11,691,782,766.97","$0.3371"
2023/03/05,8,"Dogecoin","DOGE","$9,923,061,953.80","$0.07479"
2023/03/05,9,"Polygon","MATIC","$9,934,851,222.82","$1.1375"
2023/03/05,10,"Binance USD","BUSD","$8,690,988,693.97","$1.0002"
2023/03/12,1,"Bitcoin","BTC","$428,114,557,464.90","$22,163.95"
2023/03/12,2,"Ethereum","ETH","$194,610,296,521.50","$1,590.29"
2023/03/12,3,"Tether","USDT","$72,632,240,658.18","$1.0071"
2023/03/12,4,"BNB","BNB","$45,737,678,819.62","$289.68"
2023/03/12,5,"USD Coin","USDC","$40,315,868,122.03","$0.9921"
2023/03/12,6,"XRP","XRP","$19,020,903,151.51","$0.3733"
2023/03/12,7,"Cardano","ADA","$11,502,814,323.24","$0.3315"
2023/03/12,8,"Polygon","MATIC","$10,105,499,451.28","$1.1570"
2023/03/12,9,"Dogecoin","DOGE","$9,419,770,532.21","$0.071"
2023/03/12,10,"Binance USD","BUSD","$8,404,929,411.42","$1.0035"
2023/03/19,1,"Bitcoin","BTC","$543,037,803,329.78","$28,038.67"
2023/03/19,2,"Ethereum","ETH","$214,867,193,142.62","$1,785.58"
2023/03/19,3,"Tether","USDT","$82,335,299,514.00","$1.0030"
2023/03/19,4,"BNB","BNB","$52,521,837,603.03","$336.98"
2023/03/19,5,"USD Coin","USDC","$30,228,148,676.05","$0.9998"
2023/03/19,6,"XRP","XRP","$20,137,168,434.09","$0.3885"
2023/03/19,7,"Cardano","ADA","$12,052,777,429.80","$0.346"
2023/03/19,8,"Polygon","MATIC","$10,812,234,016.12","$1.1690"
2023/03/19,9,"Dogecoin","DOGE","$10,418,543,821.66","$0.07481"
2023/03/19,10,"Solana","SOL","$8,649,436,639.18","$21.90"
2023/03/26,1,"Bitcoin","BTC","$542,178,945,116.21","$27,994.33"
2023/03/26,2,"Ethereum","ETH","$213,675,897,791.88","$1,775.68"
2023/03/26,3,"Tether","USDT","$82,161,752,552.32","$1.0009"
2023/03/26,4,"BNB","BNB","$51,260,868,227.97","$328.89"
2023/03/26,5,"USD Coin","USDC","$30,229,350,410.92","$0.9999"
2023/03/26,6,"XRP","XRP","$23,265,701,804.04","$0.4488"
2023/03/26,7,"Cardano","ADA","$12,409,426,721.16","$0.3562"
2023/03/26,8,"Dogecoin","DOGE","$10,363,458,464.30","$0.07442"
2023/03/26,9,"Polygon","MATIC","$10,226,198,412.17","$1.1056"
2023/03/26,10,"Solana","SOL","$8,283,024,187.84","$20.98"
2023/04/02,1,"Bitcoin","BTC","$545,245,950,698.04","$28,199.31"
2023/04/02,2,"Ethereum","ETH","$216,307,003,100.75","$1,795.71"
2023/04/02,3,"Tether","USDT","$79,712,741,574.78","$1.0002"
2023/04/02,4,"BNB","BNB","$49,565,588,033.19","$313.93"
2023/04/02,5,"USD Coin","USDC","$32,531,061,019.39","$0.9997"
2023/04/02,6,"XRP","XRP","$26,803,620,002.77","$0.519"
2023/04/02,7,"Cardano","ADA","$13,263,150,756.35","$0.3818"
2023/04/02,8,"Dogecoin","DOGE","$10,975,862,482.76","$0.07909"
2023/04/02,9,"Polygon","MATIC","$9,956,789,008.66","$1.0965"
2023/04/02,10,"Solana","SOL","$7,920,489,152.32","$20.54"
2023/04/09,1,"Bitcoin","BTC","$548,015,190,714.46","$28,333.05"
2023/04/09,2,"Ethereum","ETH","$223,977,715,590.51","$1,859.39"
2023/04/09,3,"Tether","USDT","$80,247,267,378.84","$1.0005"
2023/04/09,4,"BNB","BNB","$49,398,327,195.37","$312.87"
2023/04/09,5,"USD Coin","USDC","$32,592,157,074.22","$0.9997"
2023/04/09,6,"XRP","XRP","$26,145,783,968.96","$0.5058"
2023/04/09,7,"Cardano","ADA","$13,548,103,031.14","$0.3897"
2023/04/09,8,"Dogecoin","DOGE","$11,566,660,083.61","$0.08329"
2023/04/09,9,"Polygon","MATIC","$10,098,527,207.32","$1.1019"
2023/04/09,10,"Solana","SOL","$7,877,620,348.03","$20.30"
2023/04/16,1,"Bitcoin","BTC","$586,546,802,552.22","$30,315.36"
2023/04/16,2,"Ethereum","ETH","$253,800,479,048.37","$2,120.01"
2023/04/16,3,"Tether","USDT","$80,965,191,181.81","$1.0005"
2023/04/16,4,"BNB","BNB","$54,275,690,979.85","$348.22"
2023/04/16,5,"USD Coin","USDC","$31,822,883,102.72","$0.9997"
2023/04/16,6,"XRP","XRP","$26,982,441,053.72","$0.5214"
2023/04/16,7,"Cardano","ADA","$15,710,899,753.13","$0.4518"
2023/04/16,8,"Dogecoin","DOGE","$12,572,717,971.81","$0.09047"
2023/04/16,9,"Polygon","MATIC","$10,914,575,665.59","$1.1839"
2023/04/16,10,"Solana","SOL","$9,950,761,125.91","$25.36"
2023/04/23,1,"Bitcoin","BTC","$534,020,212,996.70","$27,591.38"
2023/04/23,2,"Ethereum","ETH","$224,214,876,354.29","$1,862.06"
2023/04/23,3,"Tether","USDT","$81,443,741,281.10","$1.0000"
2023/04/23,4,"BNB","BNB","$51,531,648,822.63","$330.62"
2023/04/23,5,"USD Coin","USDC","$30,803,812,540.40","$0.9999"
2023/04/23,6,"XRP","XRP","$24,064,973,700.94","$0.465"
2023/04/23,7,"Cardano","ADA","$13,534,508,992.01","$0.389"
2023/04/23,8,"Dogecoin","DOGE","$10,960,839,718.57","$0.07882"
2023/04/23,9,"Polygon","MATIC","$9,253,357,893.37","$1.0037"
2023/04/23,10,"Solana","SOL","$8,436,749,410.76","$21.48"
2023/04/30,1,"Bitcoin","BTC","$566,661,285,145.36","$29,268.81"
2023/04/30,2,"Ethereum","ETH","$225,975,170,377.91","$1,876.92"
2023/04/30,3,"Tether","USDT","$81,743,942,509.33","$1.0004"
2023/04/30,4,"BNB","BNB","$52,626,345,936.38","$337.65"
2023/04/30,5,"USD Coin","USDC","$30,510,160,911.78","$0.9999"
2023/04/30,6,"XRP","XRP","$24,443,538,173.71","$0.4723"
2023/04/30,7,"Cardano","ADA","$13,832,293,738.70","$0.3974"
2023/04/30,8,"Dogecoin","DOGE","$11,100,461,915.79","$0.07977"
2023/04/30,9,"Polygon","MATIC","$9,102,226,857.82","$0.9841"
2023/04/30,10,"Solana","SOL","$8,978,360,112.34","$22.83"
2023/05/07,1,"Bitcoin","BTC","$551,083,296,208.80","$28,454.98"
2023/05/07,2,"Ethereum","ETH","$225,414,591,269.89","$1,873.08"
2023/05/07,3,"Tether","USDT","$82,209,951,575.01","$1.0015"
2023/05/07,4,"BNB","BNB","$50,126,733,781.05","$321.61"
2023/05/07,5,"USD Coin","USDC","$30,400,289,561.96","$1.0001"
2023/05/07,6,"XRP","XRP","$23,345,911,524.89","$0.4504"
2023/05/07,7,"Cardano","ADA","$13,128,013,021.83","$0.3769"
2023/05/07,8,"Dogecoin","DOGE","$10,682,087,628.92","$0.07671"
2023/05/07,9,"Polygon","MATIC","$8,931,518,969.56","$0.9656"
2023/05/07,10,"Solana","SOL","$8,626,083,965.26","$21.84"
2023/05/14,1,"Bitcoin","BTC","$521,742,220,416.76","$26,930.64"
2023/05/14,2,"Ethereum","ETH","$221,375,138,904.32","$1,800.50"
2023/05/14,3,"Tether","USDT","$82,839,704,395.79","$1.0005"
2023/05/14,4,"BNB","BNB","$48,649,436,453.50","$312.14"
2023/05/14,5,"USD Coin","USDC","$29,976,859,444.81","$1.0001"
2023/05/14,6,"XRP","XRP","$22,075,646,338.38","$0.4259"
2023/05/14,7,"Cardano","ADA","$12,922,019,994.91","$0.3708"
2023/05/14,8,"Dogecoin","DOGE","$10,031,077,803.75","$0.07199"
2023/05/14,9,"Solana","SOL","$8,286,544,260.32","$20.95"
2023/05/14,10,"Polygon","MATIC","$7,952,441,482.38","$0.8598"
2023/05/21,1,"Bitcoin","BTC","$518,489,461,930.79","$26,753.83"
2023/05/21,2,"Ethereum","ETH","$217,032,947,920.33","$1,804.53"
2023/05/21,3,"Tether","USDT","$82,929,257,908.12","$1.0002"
2023/05/21,4,"BNB","BNB","$47,771,639,109.13","$306.51"
2023/05/21,5,"USD Coin","USDC","$29,551,205,669.46","$0.9999"
2023/05/21,6,"XRP","XRP","$23,734,559,208.60","$0.4575"
2023/05/21,7,"Cardano","ADA","$12,563,402,691.63","$0.3604"
2023/05/21,8,"Dogecoin","DOGE","$10,059,684,186.08","$0.07214"
2023/05/21,9,"Polygon","MATIC","$7,950,488,212.36","$0.8568"
2023/05/21,10,"Solana","SOL","$7,764,489,644.98","$19.61"
2023/05/28,1,"Bitcoin","BTC","$544,483,610,242.00","$28,085.65"
2023/05/28,2,"Ethereum","ETH","$229,798,912,476.57","$1,910.91"
2023/05/28,3,"Tether","USDT","$83,141,485,173.53","$1.0002"
2023/05/28,4,"BNB","BNB","$48,981,213,310.01","$314.27"
2023/05/28,5,"USD Coin","USDC","$29,060,571,707.84","$0.9999"
2023/05/28,6,"XRP","XRP","$25,102,181,890.80","$0.4829"
2023/05/28,7,"Cardano","ADA","$13,358,108,791.67","$0.383"
2023/05/28,8,"Dogecoin","DOGE","$10,271,811,086.98","$0.07361"
2023/05/28,9,"Polygon","MATIC","$8,740,222,969.48","$0.9419"
2023/05/28,10,"Solana","SOL","$8,243,146,765.86","$20.80"
2023/06/04,1,"Bitcoin","BTC","$525,920,232,790.70","$27,119.07"
2023/06/04,2,"Ethereum","ETH","$227,308,028,004.55","$1,890.51"
2023/06/04,3,"Tether","USDT","$83,165,013,521.21","$1.0002"
2023/06/04,4,"BNB","BNB","$47,560,448,780.60","$305.16"
2023/06/04,5,"USD Coin","USDC","$28,902,262,332.86","$0.9998"
2023/06/04,6,"XRP","XRP","$27,860,418,486.43","$0.5359"
2023/06/04,7,"Cardano","ADA","$13,179,267,542.18","$0.3777"
2023/06/04,8,"Dogecoin","DOGE","$10,119,376,913.16","$0.07247"
2023/06/04,9,"Solana","SOL","$8,661,446,017.18","$21.82"
2023/06/04,10,"Polygon","MATIC","$8,289,867,862.57","$0.8934"
2023/06/11,1,"Bitcoin","BTC","$503,230,985,845.04","$25,940.17"
2023/06/11,2,"Ethereum","ETH","$210,808,348,254.20","$1,753.42"
2023/06/11,3,"Tether","USDT","$83,387,764,365.55","$1.0003"
2023/06/11,4,"BNB","BNB","$36,694,210,385.52","$235.44"
2023/06/11,5,"USD Coin","USDC","$28,380,686,460.78","$0.9999"
2023/06/11,6,"XRP","XRP","$27,096,702,674.57","$0.5212"
2023/06/11,7,"Cardano","ADA","$9,515,862,809.56","$0.2726"
2023/06/11,8,"Dogecoin","DOGE","$8,605,500,509.66","$0.06159"
2023/06/11,9,"TRON","TRX","$6,323,858,325.69","$0.07018"
2023/06/11,10,"Solana","SOL","$6,199,943,622.36","$15.56"
2023/06/18,1,"Bitcoin","BTC","$511,079,706,782.86","$26,336.21"
2023/06/18,2,"Ethereum","ETH","$206,832,112,414.08","$1,720.58"
2023/06/18,3,"Tether","USDT","$83,157,915,195.95","$0.9998"
2023/06/18,4,"BNB","BNB","$38,041,814,289.92","$244.09"
2023/06/18,5,"USD Coin","USDC","$28,344,923,554.22","$1.0000"
2023/06/18,6,"XRP","XRP","$25,347,462,927.74","$0.4876"
2023/06/18,7,"Cardano","ADA","$9,113,534,848.85","$0.261"
2023/06/18,8,"Dogecoin","DOGE","$8,692,397,740.73","$0.06217"
2023/06/18,9,"TRON","TRX","$6,313,729,413.61","$0.07012"
2023/06/18,10,"Solana","SOL","$6,165,531,218.89","$15.44"
2023/06/25,1,"Bitcoin","BTC","$592,950,420,929.97","$30,480.26"
2023/06/25,2,"Ethereum","ETH","$228,350,499,455.65","$1,900.51"
2023/06/25,3,"Tether USDt","USDT","$83,572,271,591.82","$1.0005"
2023/06/25,4,"BNB","BNB","$36,754,477,305.58","$238.89"
2023/06/25,5,"USD Coin","USDC","$26,159,473,780.46","$1.0001"
2023/06/25,6,"XRP","XRP","$25,880,413,865.25","$0.4903"
2023/06/25,7,"Cardano","ADA","$10,239,539,015.59","$0.2923"
2023/06/25,8,"Dogecoin","DOGE","$9,383,005,780.31","$0.06676"
2023/06/25,9,"Solana","SOL","$6,887,826,940.05","$16.97"
2023/06/25,10,"TRON","TRX","$6,552,160,613.12","$0.0732"
2023/07/02,1,"Bitcoin","BTC","$594,601,955,892.82","$30,620.77"
2023/07/02,2,"Ethereum","ETH","$232,916,432,171.50","$1,937.44"
2023/07/02,3,"Tether","USDT","$83,348,827,222.40","$1.0001"
2023/07/02,4,"BNB","BNB","$38,379,537,599.77","$246.26"
2023/07/02,5,"USD Coin","USDC","$27,397,505,928.90","$1.0001"
2023/07/02,6,"XRP","XRP","$25,316,849,467.23","$0.4845"
2023/07/02,7,"Cardano","ADA","$10,207,186,400.62","$0.2921"
2023/07/02,8,"Dogecoin","DOGE","$9,526,111,339.95","$0.06804"
2023/07/02,9,"Litecoin","LTC","$8,296,138,882.11","$113.22"
2023/07/02,10,"Solana","SOL","$7,798,827,845.66","$19.45"
2023/07/09,1,"Bitcoin","BTC","$586,079,772,336.97","$30,171.23"
2023/07/09,2,"Ethereum","ETH","$223,949,968,247.09","$1,863.01"
2023/07/09,3,"Tether","USDT","$83,377,690,854.49","$1.0002"
2023/07/09,4,"BNB","BNB","$36,504,451,694.05","$234.23"
2023/07/09,5,"USD Coin","USDC","$27,502,801,104.35","$1.0001"
2023/07/09,6,"XRP","XRP","$24,483,751,871.29","$0.4686"
2023/07/09,7,"Cardano","ADA","$9,951,076,090.56","$0.2846"
2023/07/09,8,"Dogecoin","DOGE","$9,167,900,895.98","$0.06543"
2023/07/09,9,"Solana","SOL","$8,592,737,596.61","$21.35"
2023/07/09,10,"Litecoin","LTC","$6,979,093,222.57","$95.18"
2023/07/16,1,"Bitcoin","BTC","$587,778,068,681.35","$30,249.13"
2023/07/16,2,"Ethereum","ETH","$231,226,923,280.79","$1,923.68"
2023/07/16,3,"Tether","USDT","$83,689,168,487.14","$1.0006"
2023/07/16,4,"XRP","XRP","$39,243,100,873.90","$0.7469"
2023/07/16,5,"BNB","BNB","$37,817,749,645.99","$242.66"
2023/07/16,6,"USD Coin","USDC","$27,284,675,187.31","$1.0002"
2023/07/16,7,"Solana","SOL","$11,027,115,845.22","$27.38"
2023/07/16,8,"Cardano","ADA","$11,013,513,296.07","$0.3149"
2023/07/16,9,"Dogecoin","DOGE","$9,751,541,710.22","$0.06955"
2023/07/16,10,"TRON","TRX","$7,165,125,468.61","$0.07982"
2023/07/23,1,"Bitcoin","BTC","$584,762,966,697.83","$30,084.54"
2023/07/23,2,"Ethereum","ETH","$227,069,518,772.28","$1,889.19"
2023/07/23,3,"Tether","USDT","$83,787,569,913.65","$0.9999"
2023/07/23,4,"XRP","XRP","$38,813,403,047.87","$0.7387"
2023/07/23,5,"BNB","BNB","$37,303,420,951.91","$242.46"
2023/07/23,6,"USD Coin","USDC","$26,850,411,665.91","$0.9999"
2023/07/23,7,"Cardano","ADA","$11,099,042,359.87","$0.3172"
2023/07/23,8,"Dogecoin","DOGE","$10,075,943,268.31","$0.07182"
2023/07/23,9,"Solana","SOL","$10,009,227,205.02","$24.77"
2023/07/23,10,"TRON","TRX","$7,477,256,803.73","$0.08336"
2023/07/30,1,"Bitcoin","BTC","$569,216,997,017.28","$29,275.31"
2023/07/30,2,"Ethereum","ETH","$225,274,024,718.29","$1,861.64"
2023/07/30,3,"Tether USDt","USDT","$83,815,697,454.94","$0.9999"
2023/07/30,4,"BNB","BNB","$37,313,939,994.05","$242.53"
2023/07/30,5,"XRP","XRP","$37,156,333,802.54","$0.7051"
2023/07/30,6,"USD Coin","USDC","$26,544,894,268.81","$1.0000"
2023/07/30,7,"Cardano","ADA","$11,049,463,778.91","$0.3156"
2023/07/30,8,"Dogecoin","DOGE","$10,959,076,373.03","$0.07806"
2023/07/30,9,"Solana","SOL","$9,810,507,761.12","$24.26"
2023/07/30,10,"TRON","TRX","$7,172,404,391.53","$0.08003"
2023/08/06,1,"Bitcoin","BTC","$564,864,625,278.20","$29,041.86"
2023/08/06,2,"Ethereum","ETH","$219,593,479,527.48","$1,827.46"
2023/08/06,3,"Tether USDt","USDT","$83,766,798,747.70","$0.9984"
2023/08/06,4,"BNB","BNB","$37,355,531,392.32","$242.80"
2023/08/06,5,"XRP","XRP","$32,862,411,390.46","$0.6231"
2023/08/06,6,"USD Coin","USDC","$26,040,633,408.95","$0.9998"
2023/08/06,7,"Dogecoin","DOGE","$10,433,167,188.76","$0.07427"
2023/08/06,8,"Cardano","ADA","$10,229,109,437.43","$0.2921"
2023/08/06,9,"Solana","SOL","$9,392,351,696.13","$23.19"
2023/08/06,10,"TRON","TRX","$6,881,851,198.68","$0.07685"
2023/08/13,1,"Bitcoin","BTC","$569,738,074,810.23","$29,282.91"
2023/08/13,2,"Ethereum","ETH","$220,981,729,947.98","$1,839.28"
2023/08/13,3,"Tether USDt","USDT","$83,348,342,979.74","$0.9993"
2023/08/13,4,"BNB","BNB","$36,929,825,440.41","$240.03"
2023/08/13,5,"XRP","XRP","$33,050,204,997.41","$0.6261"
2023/08/13,6,"USD Coin","USDC","$26,183,335,731.43","$1.0000"
2023/08/13,7,"Dogecoin","DOGE","$10,512,917,847.53","$0.07478"
2023/08/13,8,"Cardano","ADA","$10,144,538,405.55","$0.2895"
2023/08/13,9,"Solana","SOL","$9,845,065,424.88","$24.24"
2023/08/13,10,"TRON","TRX","$6,899,883,266.17","$0.07711"
2023/08/20,1,"Bitcoin","BTC","$509,733,936,200.20","$26,189.58"
2023/08/20,2,"Ethereum","ETH","$202,538,755,664.14","$1,684.85"
2023/08/20,3,"Tether USDt","USDT","$82,846,063,530.59","$0.9999"
2023/08/20,4,"BNB","BNB","$33,329,801,761.41","$216.64"
2023/08/20,5,"XRP","XRP","$28,510,647,906.98","$0.5395"
2023/08/20,6,"USD Coin","USDC","$25,984,261,744.98","$1.0001"
2023/08/20,7,"Cardano","ADA","$9,487,802,090.22","$0.2707"
2023/08/20,8,"Dogecoin","DOGE","$8,979,071,481.54","$0.06383"
2023/08/20,9,"Solana","SOL","$8,875,758,854.74","$21.77"
2023/08/20,10,"TRON","TRX","$6,787,136,747.23","$0.0759"
2023/08/27,1,"Bitcoin","BTC","$507,949,530,130.69","$26,089.69"
2023/08/27,2,"Ethereum","ETH","$199,261,172,395.99","$1,657.51"
2023/08/27,3,"Tether USDt","USDT","$82,811,939,922.96","$0.9995"
2023/08/27,4,"BNB","BNB","$33,594,578,271.57","$218.36"
2023/08/27,5,"XRP","XRP","$27,718,801,744.82","$0.5238"
2023/08/27,6,"USD Coin","USDC","$26,043,113,038.98","$1.0000"
2023/08/27,7,"Cardano","ADA","$9,237,933,321.71","$0.2634"
2023/08/27,8,"Dogecoin","DOGE","$8,892,418,317.94","$0.06317"
2023/08/27,9,"Solana","SOL","$8,481,486,356.18","$20.79"
2023/08/27,10,"TRON","TRX","$6,927,112,803.24","$0.07752"
2023/09/03,1,"Bitcoin","BTC","$505,774,022,624.31","$25,969.57"
2023/09/03,2,"Ethereum","ETH","$196,688,728,216.07","$1,636.12"
2023/09/03,3,"Tether USDt","USDT","$82,897,999,833.78","$0.9999"
2023/09/03,4,"BNB","BNB","$32,985,441,374.75","$214.40"
2023/09/03,5,"XRP","XRP","$26,756,322,905.89","$0.505"
2023/09/03,6,"USD Coin","USDC","$26,207,173,233.96","$1.0001"
2023/09/03,7,"Cardano","ADA","$8,972,698,220.50","$0.2558"
2023/09/03,8,"Dogecoin","DOGE","$8,898,670,560.56","$0.06317"
2023/09/03,9,"Solana","SOL","$8,001,855,593.93","$19.58"
2023/09/03,10,"TRON","TRX","$6,879,948,257.01","$0.07704"
2023/09/10,1,"Bitcoin","BTC","$503,258,420,290.44","$25,832.23"
2023/09/10,2,"Ethereum","ETH","$194,376,093,211.00","$1,616.83"
2023/09/10,3,"Tether USDt","USDT","$82,984,094,190.47","$0.9996"
2023/09/10,4,"BNB","BNB","$32,664,965,032.69","$212.32"
2023/09/10,5,"XRP","XRP","$26,425,477,982.39","$0.4978"
2023/09/10,6,"USD Coin","USDC","$26,152,124,245.57","$0.9999"
2023/09/10,7,"Cardano","ADA","$8,739,695,392.60","$0.2491"
2023/09/10,8,"Dogecoin","DOGE","$8,644,327,826.46","$0.06133"
2023/09/10,9,"Solana","SOL","$7,493,159,267.21","$18.25"
2023/09/10,10,"TRON","TRX","$6,990,176,522.23","$0.07833"
2023/09/17,1,"Bitcoin","BTC","$517,116,820,259.63","$26,534.19"
2023/09/17,2,"Ethereum","ETH","$195,111,799,251.34","$1,622.90"
2023/09/17,3,"Tether USDt","USDT","$83,066,181,171.94","$1.0003"
2023/09/17,4,"BNB","BNB","$33,302,871,729.66","$216.47"
2023/09/17,5,"XRP","XRP","$26,217,650,533.39","$0.493"
2023/09/17,6,"USD Coin","USDC","$26,168,221,491.30","$1.0001"
2023/09/17,7,"Dogecoin","DOGE","$8,676,940,749.20","$0.06152"
2023/09/17,8,"Cardano","ADA","$8,682,830,662.83","$0.2473"
2023/09/17,9,"Toncoin","TON","$7,950,782,673.16","$2.3167"
2023/09/17,10,"Solana","SOL","$7,747,279,411.94","$18.83"
2023/09/24,1,"Bitcoin","BTC","$503,258,420,290.44","$25,832.23"
2023/09/24,2,"Ethereum","ETH","$194,376,093,211.00","$1,616.83"
2023/09/24,3,"Tether USDt","USDT","$82,984,094,190.47","$0.9996"
2023/09/24,4,"BNB","BNB","$32,664,965,032.69","$212.32"
2023/09/24,5,"XRP","XRP","$26,425,477,982.39","$0.4978"
2023/09/24,6,"USD Coin","USDC","$26,152,124,245.57","$0.9999"
2023/09/24,7,"Dogecoin","DOGE","$8,676,940,749.20","$0.06152"
2023/09/24,8,"Cardano","ADA","$8,682,830,662.83","$0.2473"
2023/09/24,9,"Solana","SOL","$7,747,279,411.94","$18.83"
2023/09/24,10,"Toncoin","TON","$7,950,782,673.16","$2.3167"
2023/10/01,1,"Bitcoin","BTC","$545,719,315,434.05","$27,983.75"
2023/10/01,2,"Ethereum","ETH","$208,471,009,287.78","$1,733.81"
2023/10/01,3,"Tether USDt","USDT","$83,246,238,290.15","$0.9999"
2023/10/01,4,"BNB","BNB","$33,545,795,242.04","$218.05"
2023/10/01,5,"XRP","XRP","$27,946,579,472.92","$0.5242"
2023/10/01,6,"USDC","USDC","$25,132,933,912.99","$1.0001"
2023/10/01,7,"Solana","SOL","$9,844,132,494.96","$23.84"
2023/10/01,8,"Cardano","ADA","$9,342,534,384.34","$0.2659"
2023/10/01,9,"Dogecoin","DOGE","$8,925,275,654.05","$0.06319"
2023/10/01,10,"TRON","TRX","$8,025,916,797.69","$0.09012"
2023/10/08,1,"Bitcoin","BTC","$544,957,531,993.91","$27,935.09"
2023/10/08,2,"Ethereum","ETH","$196,430,165,815.46","$1,633.55"
2023/10/08,3,"Tether USDt","USDT","$83,512,853,315.21","$1.0005"
2023/10/08,4,"BNB","BNB","$32,541,437,890.81","$211.52"
2023/10/08,5,"XRP","XRP","$27,652,553,186.05","$0.518"
2023/10/08,6,"USDC","USDC","$25,543,254,704.13","$0.9999"
2023/10/08,7,"Solana","SOL","$9,629,543,237.83","$23.25"
2023/10/08,8,"Cardano","ADA","$9,020,125,009.30","$0.2566"
2023/10/08,9,"Dogecoin","DOGE","$8,622,491,737.38","$0.06101"
2023/10/08,10,"TRON","TRX","$7,834,143,794.91","$0.08802"
2023/10/15,1,"Bitcoin","BTC","$530,017,041,635.81","$27,159.65"
2023/10/15,2,"Ethereum","ETH","$187,370,568,341.81","$1,558.07"
2023/10/15,3,"Tether USDt","USDT","$83,558,130,753.46","$1.0004"
2023/10/15,4,"BNB","BNB","$32,267,792,555.70","$209.74"
2023/10/15,5,"XRP","XRP","$26,071,011,942.93","$0.4878"
2023/10/15,6,"USDC","USDC","$25,164,671,458.23","$1.0003"
2023/10/15,7,"Solana","SOL","$9,125,212,586.18","$21.92"
2023/10/15,8,"Cardano","ADA","$8,709,949,444.03","$0.2474"
2023/10/15,9,"Dogecoin","DOGE","$8,393,637,426.38","$0.05935"
2023/10/15,10,"TRON","TRX","$7,709,396,221.49","$0.08668"
2023/10/22,1,"Bitcoin","BTC","$585,517,392,721.71","$29,993.90"
2023/10/22,2,"Ethereum","ETH","$200,056,060,611.08","$1,663.43"
2023/10/22,3,"Tether USDt","USDT","$84,174,945,593.80","$1.0002"
2023/10/22,4,"BNB","BNB","$33,033,371,021.83","$217.75"
2023/10/22,5,"XRP","XRP","$27,922,258,557.44","$0.5225"
2023/10/22,6,"USDC","USDC","$25,556,187,646.47","$0.9999"
2023/10/22,7,"Solana","SOL","$12,100,222,063.87","$29.04"
2023/10/22,8,"Cardano","ADA","$9,285,305,754.08","$0.2636"
2023/10/22,9,"Dogecoin","DOGE","$8,717,112,671.29","$0.0616"
2023/10/22,10,"TRON","TRX","$8,033,271,432.70","$0.09038"
2023/10/29,1,"Bitcoin","BTC","$674,455,804,209.67","$34,538.48"
2023/10/29,2,"Ethereum","ETH","$215,947,996,013.56","$1,795.55"
2023/10/29,3,"Tether USDt","USDT","$84,570,810,136.88","$1.0004"
2023/10/29,4,"BNB","BNB","$34,459,316,449.10","$227.15"
2023/10/29,5,"XRP","XRP","$29,800,751,941.24","$0.5564"
2023/10/29,6,"USDC","USDC","$25,040,629,793.65","$1.0000"
2023/10/29,7,"Solana","SOL","$13,762,372,734.52","$32.82"
2023/10/29,8,"Cardano","ADA","$10,405,348,617.26","$0.2953"
2023/10/29,9,"Dogecoin","DOGE","$9,822,360,713.50","$0.06936"
2023/10/29,10,"TRON","TRX","$8,426,596,795.82","$0.09488"
2023/11/05,1,"Bitcoin","BTC","$684,667,682,720.62","$35,049.36"
2023/11/05,2,"Ethereum","ETH","$227,808,286,583.56","$1,894.16"
2023/11/05,3,"Tether USDt","USDT","$85,429,541,975.51","$1.0007"
2023/11/05,4,"BNB","BNB","$37,064,414,920.03","$244.32"
2023/11/05,5,"XRP","XRP","$35,447,962,462.23","$0.6611"
2023/11/05,6,"USDC","USDC","$24,592,859,150.18","$0.9999"
2023/11/05,7,"Solana","SOL","$17,323,908,541.64","$41.24"
2023/11/05,8,"Cardano","ADA","$12,088,278,814.61","$0.3429"
2023/11/05,9,"Dogecoin","DOGE","$10,093,220,208.81","$0.07122"
2023/11/05,10,"TRON","TRX","$8,717,440,860.62","$0.09822"
2023/11/12,1,"Bitcoin","BTC","$724,074,263,172.68","$37,054.52"
2023/11/12,2,"Ethereum","ETH","$245,956,142,900.12","$2,045.19"
2023/11/12,3,"Tether USDt","USDT","$86,806,526,555.09","$1.0001"
2023/11/12,4,"BNB","BNB","$37,567,403,768.18","$247.64"
2023/11/12,5,"XRP","XRP","$35,493,236,526.77","$0.6615"
2023/11/12,6,"USDC","USDC","$24,219,576,889.06","$0.9996"
2023/11/12,7,"Solana","SOL","$23,706,316,366.18","$56.15"
2023/11/12,8,"Cardano","ADA","$13,521,334,640.31","$0.3834"
2023/11/12,9,"Dogecoin","DOGE","$11,058,064,988.60","$0.07798"
2023/11/12,10,"TRON","TRX","$9,614,779,849.43","$0.1084"
2023/11/19,1,"Bitcoin","BTC","$730,802,775,303.55","$37,386.55"
2023/11/19,2,"Ethereum","ETH","$242,093,237,314.50","$2,013.20"
2023/11/19,3,"Tether USDt","USDT","$87,733,369,552.83","$1.0005"
2023/11/19,4,"BNB","BNB","$37,407,494,296.72","$246.59"
2023/11/19,5,"XRP","XRP","$33,708,175,329.97","$0.6275"
2023/11/19,6,"Solana","SOL","$25,961,432,818.69","$61.39"
2023/11/19,7,"USDC","USDC","$24,436,265,586.73","$0.9999"
2023/11/19,8,"Cardano","ADA","$13,566,921,997.80","$0.3845"
2023/11/19,9,"Dogecoin","DOGE","$11,433,604,866.38","$0.08058"
2023/11/19,10,"TRON","TRX","$9,172,924,326.61","$0.1035"
2023/11/26,1,"Bitcoin","BTC","R$3,592,793,313,238.07","R$183,737.65"
2023/11/26,2,"Ethereum","ETH","R$1,216,286,554,764.91","R$10,115.05"
2023/11/26,3,"Tether USDt","USDT","R$435,075,845,123.18","R$4.9034"
2023/11/26,4,"BNB","BNB","R$172,571,445,573.11","R$1,137.59"
2023/11/26,5,"XRP","XRP","R$162,736,867,310.14","R$3.0239"
2023/11/26,6,"USDC","USDC","R$120,840,255,403.44","R$4.9018"
2023/11/26,7,"Solana","SOL","R$119,655,100,234.49","R$282.59"
2023/11/26,8,"Cardano","ADA","R$67,173,892,373.30","R$1.9030"
2023/11/26,9,"Dogecoin","DOGE","R$54,786,242,127.68","R$0.3858"
2023/11/26,10,"TRON","TRX","R$46,832,073,085.56","R$0.5287"
2023/12/03,1,"Bitcoin","BTC","R$3,816,561,160,634.25","R$195,118."
2023/12/03,2,"Ethereum","ETH","R$1,287,291,674,357.68","R$10,706.53"
2023/12/03,3,"Tether USDt","USDT","R$437,422,363,041.34","R$4.8821"
2023/12/03,4,"BNB","BNB","R$168,879,037,363.16","R$1,113.26"
2023/12/03,5,"XRP","XRP","R$164,044,445,432.12","R$3.0441"
2023/12/03,6,"Solana","SOL","R$130,555,760,879.30","R$307.67"
2023/12/03,7,"USDC","USDC","R$119,658,303,255.12","R$4.8801"
2023/12/03,8,"Cardano","ADA","R$68,094,696,248.58","R$1.9286"
2023/12/03,9,"Dogecoin","DOGE","R$59,371,581,738.06","R$0.4179"
2023/12/03,10,"TRON","TRX","R$44,568,693,323.35","R$0.5035"


